<?xml version="1.0" encoding="UTF-8"?>
    <beans xmlns:mvc="http://www.springframework.org/schema/mvc"
	xmlns:xsi="http://www.w3.org/2001/XMLSchema-instance"
	xmlns="http://www.springframework.org/schema/beans"
	xmlns:context="http://www.springframework.org/schema/context"
	xmlns:tx="http://www.springframework.org/schema/tx"
	xsi:schemaLocation="http://www.springframework.org/schema/mvc http://www.springframework.org/schema/mvc/spring-mvc.xsd
		http://www.springframework.org/schema/beans http://www.springframework.org/schema/beans/spring-beans.xsd
		http://www.springframework.org/schema/tx http://www.springframework.org/schema/tx/spring-tx.xsd
		http://www.springframework.org/schema/context http://www.springframework.org/schema/context/spring-context.xsd">
 
  
	<context:component-scan base-package="net.javaonline.spring.product.controller, net.javaonline.spring.product.dao" />
 
    <bean id="itemMasterDao" class="net.javaonline.spring.product.dao.ItemMasterDAOImpl">
    	<constructor-arg>
        	<ref bean="sessionFactory" />
    	</constructor-arg>
	</bean>
	
	      <bean id="dataSource" class="org.apache.commons.dbcp2.BasicDataSource">
        <property name="driverClassName" value="com.microsoft.sqlserver.jdbc.SQLServerDriver" />
        <property name="url" value="jdbc:sqlserver://localhost:1433;databaseName=emp" />
        <property name="username" value="sa" />
        <property name="password" value="123" />
    </bean>
    
	   
	 <bean id="sessionFactory"    class="org.springframework.orm.hibernate4.LocalSessionFactoryBean">
    <property name="dataSource" ref="dataSource" />
    <property name="configLocation" value="classpath:hibernate.cfg.xml" />
    </bean>
	   
    
    <tx:annotation-driven /> 
	<bean id="transactionManager"   class="org.springframework.orm.hibernate4.HibernateTransactionManager">
    <property name="sessionFactory" ref="sessionFactory" />
	</bean>

    
    
    <bean id="viewResolver" class="org.springframework.web.servlet.view.InternalResourceViewResolver">
        <property name="prefix" value="/Pages/"></property>
        <property name="suffix" value=".jsp"></property>        
    </bean>
            
</beans>